Reference,Status,Filename,Size,Message
164847,Error,,,page.goto: Download is starting
Call log:
[2m  - navigating to "https://www.halapp.com/a/wcb/document/?for_type=customer_invoice&for_id=164847", waiting until "networkidle"[22m

164848,Error,,,page.goto: Download is starting
Call log:
[2m  - navigating to "https://www.halapp.com/a/wcb/document/?for_type=customer_invoice&for_id=164848", waiting until "networkidle"[22m

164849,Error,,,page.goto: Download is starting
Call log:
[2m  - navigating to "https://www.halapp.com/a/wcb/document/?for_type=customer_invoice&for_id=164849", waiting until "networkidle"[22m

164850,Error,,,page.goto: Download is starting
Call log:
[2m  - navigating to "https://www.halapp.com/a/wcb/document/?for_type=customer_invoice&for_id=164850", waiting until "networkidle"[22m

164851,Error,,,page.goto: Download is starting
Call log:
[2m  - navigating to "https://www.halapp.com/a/wcb/document/?for_type=customer_invoice&for_id=164851", waiting until "networkidle"[22m

164852,Error,,,page.goto: Download is starting
Call log:
[2m  - navigating to "https://www.halapp.com/a/wcb/document/?for_type=customer_invoice&for_id=164852", waiting until "networkidle"[22m

164853,Error,,,page.goto: Download is starting
Call log:
[2m  - navigating to "https://www.halapp.com/a/wcb/document/?for_type=customer_invoice&for_id=164853", waiting until "networkidle"[22m

164854,Error,,,page.goto: Download is starting
Call log:
[2m  - navigating to "https://www.halapp.com/a/wcb/document/?for_type=customer_invoice&for_id=164854", waiting until "networkidle"[22m

164855,Error,,,page.goto: Download is starting
Call log:
[2m  - navigating to "https://www.halapp.com/a/wcb/document/?for_type=customer_invoice&for_id=164855", waiting until "networkidle"[22m

164856,Error,,,page.goto: Download is starting
Call log:
[2m  - navigating to "https://www.halapp.com/a/wcb/document/?for_type=customer_invoice&for_id=164856", waiting until "networkidle"[22m

164857,Error,,,page.goto: Download is starting
Call log:
[2m  - navigating to "https://www.halapp.com/a/wcb/document/?for_type=customer_invoice&for_id=164857", waiting until "networkidle"[22m

164858,Error,,,page.goto: Download is starting
Call log:
[2m  - navigating to "https://www.halapp.com/a/wcb/document/?for_type=customer_invoice&for_id=164858", waiting until "networkidle"[22m

164859,Error,,,page.goto: Download is starting
Call log:
[2m  - navigating to "https://www.halapp.com/a/wcb/document/?for_type=customer_invoice&for_id=164859", waiting until "networkidle"[22m

164860,Error,,,page.goto: Download is starting
Call log:
[2m  - navigating to "https://www.halapp.com/a/wcb/document/?for_type=customer_invoice&for_id=164860", waiting until "networkidle"[22m

164861,Not Found,,,
164862,Error,,,page.goto: Download is starting
Call log:
[2m  - navigating to "https://www.halapp.com/a/wcb/document/?for_type=customer_invoice&for_id=164862", waiting until "networkidle"[22m

164863,Error,,,page.goto: Download is starting
Call log:
[2m  - navigating to "https://www.halapp.com/a/wcb/document/?for_type=customer_invoice&for_id=164863", waiting until "networkidle"[22m

164864,Error,,,page.goto: Download is starting
Call log:
[2m  - navigating to "https://www.halapp.com/a/wcb/document/?for_type=customer_invoice&for_id=164864", waiting until "networkidle"[22m

164865,Error,,,page.goto: Download is starting
Call log:
[2m  - navigating to "https://www.halapp.com/a/wcb/document/?for_type=customer_invoice&for_id=164865", waiting until "networkidle"[22m

164866,Error,,,page.goto: Download is starting
Call log:
[2m  - navigating to "https://www.halapp.com/a/wcb/document/?for_type=customer_invoice&for_id=164866", waiting until "networkidle"[22m

164867,Error,,,page.goto: Download is starting
Call log:
[2m  - navigating to "https://www.halapp.com/a/wcb/document/?for_type=customer_invoice&for_id=164867", waiting until "networkidle"[22m

164868,Not Found,,,
164869,Not Found,,,
164870,Error,,,page.goto: Download is starting
Call log:
[2m  - navigating to "https://www.halapp.com/a/wcb/document/?for_type=customer_invoice&for_id=164870", waiting until "networkidle"[22m

164871,Error,,,page.goto: Download is starting
Call log:
[2m  - navigating to "https://www.halapp.com/a/wcb/document/?for_type=customer_invoice&for_id=164871", waiting until "networkidle"[22m

164872,Error,,,page.goto: Download is starting
Call log:
[2m  - navigating to "https://www.halapp.com/a/wcb/document/?for_type=customer_invoice&for_id=164872", waiting until "networkidle"[22m

164873,Error,,,page.goto: Download is starting
Call log:
[2m  - navigating to "https://www.halapp.com/a/wcb/document/?for_type=customer_invoice&for_id=164873", waiting until "networkidle"[22m

164874,Error,,,page.goto: Download is starting
Call log:
[2m  - navigating to "https://www.halapp.com/a/wcb/document/?for_type=customer_invoice&for_id=164874", waiting until "networkidle"[22m

164875,Not Found,,,
164876,Not Found,,,
164877,Not Found,,,
164878,Error,,,page.goto: Download is starting
Call log:
[2m  - navigating to "https://www.halapp.com/a/wcb/document/?for_type=customer_invoice&for_id=164878", waiting until "networkidle"[22m

164879,Not Found,,,
164880,Error,,,page.goto: Download is starting
Call log:
[2m  - navigating to "https://www.halapp.com/a/wcb/document/?for_type=customer_invoice&for_id=164880", waiting until "networkidle"[22m

164881,Error,,,page.goto: Download is starting
Call log:
[2m  - navigating to "https://www.halapp.com/a/wcb/document/?for_type=customer_invoice&for_id=164881", waiting until "networkidle"[22m

164882,Error,,,page.goto: Download is starting
Call log:
[2m  - navigating to "https://www.halapp.com/a/wcb/document/?for_type=customer_invoice&for_id=164882", waiting until "networkidle"[22m

164883,Error,,,page.goto: Download is starting
Call log:
[2m  - navigating to "https://www.halapp.com/a/wcb/document/?for_type=customer_invoice&for_id=164883", waiting until "networkidle"[22m

164884,Error,,,page.goto: Download is starting
Call log:
[2m  - navigating to "https://www.halapp.com/a/wcb/document/?for_type=customer_invoice&for_id=164884", waiting until "networkidle"[22m

164885,Error,,,page.goto: Download is starting
Call log:
[2m  - navigating to "https://www.halapp.com/a/wcb/document/?for_type=customer_invoice&for_id=164885", waiting until "networkidle"[22m

164886,Not Found,,,
164887,Error,,,page.goto: Download is starting
Call log:
[2m  - navigating to "https://www.halapp.com/a/wcb/document/?for_type=customer_invoice&for_id=164887", waiting until "networkidle"[22m

164888,Error,,,page.goto: Download is starting
Call log:
[2m  - navigating to "https://www.halapp.com/a/wcb/document/?for_type=customer_invoice&for_id=164888", waiting until "networkidle"[22m

164889,Error,,,page.goto: Download is starting
Call log:
[2m  - navigating to "https://www.halapp.com/a/wcb/document/?for_type=customer_invoice&for_id=164889", waiting until "networkidle"[22m

164890,Error,,,page.goto: Download is starting
Call log:
[2m  - navigating to "https://www.halapp.com/a/wcb/document/?for_type=customer_invoice&for_id=164890", waiting until "networkidle"[22m

164891,Error,,,page.goto: Download is starting
Call log:
[2m  - navigating to "https://www.halapp.com/a/wcb/document/?for_type=customer_invoice&for_id=164891", waiting until "networkidle"[22m

164892,Error,,,page.goto: Download is starting
Call log:
[2m  - navigating to "https://www.halapp.com/a/wcb/document/?for_type=customer_invoice&for_id=164892", waiting until "networkidle"[22m

164893,Error,,,page.goto: Download is starting
Call log:
[2m  - navigating to "https://www.halapp.com/a/wcb/document/?for_type=customer_invoice&for_id=164893", waiting until "networkidle"[22m

164894,Error,,,page.goto: Download is starting
Call log:
[2m  - navigating to "https://www.halapp.com/a/wcb/document/?for_type=customer_invoice&for_id=164894", waiting until "networkidle"[22m

164895,Error,,,page.goto: Download is starting
Call log:
[2m  - navigating to "https://www.halapp.com/a/wcb/document/?for_type=customer_invoice&for_id=164895", waiting until "networkidle"[22m

164896,Error,,,page.goto: Download is starting
Call log:
[2m  - navigating to "https://www.halapp.com/a/wcb/document/?for_type=customer_invoice&for_id=164896", waiting until "networkidle"[22m

164897,Error,,,page.goto: Download is starting
Call log:
[2m  - navigating to "https://www.halapp.com/a/wcb/document/?for_type=customer_invoice&for_id=164897", waiting until "networkidle"[22m

164898,Not Found,,,
164899,Not Found,,,
164900,Not Found,,,
164901,Error,,,page.goto: Download is starting
Call log:
[2m  - navigating to "https://www.halapp.com/a/wcb/document/?for_type=customer_invoice&for_id=164901", waiting until "networkidle"[22m

164902,Not Found,,,
164903,Error,,,page.goto: Download is starting
Call log:
[2m  - navigating to "https://www.halapp.com/a/wcb/document/?for_type=customer_invoice&for_id=164903", waiting until "networkidle"[22m

164904,Error,,,page.goto: Download is starting
Call log:
[2m  - navigating to "https://www.halapp.com/a/wcb/document/?for_type=customer_invoice&for_id=164904", waiting until "networkidle"[22m

164905,Error,,,page.goto: Download is starting
Call log:
[2m  - navigating to "https://www.halapp.com/a/wcb/document/?for_type=customer_invoice&for_id=164905", waiting until "networkidle"[22m

164906,Error,,,page.goto: Download is starting
Call log:
[2m  - navigating to "https://www.halapp.com/a/wcb/document/?for_type=customer_invoice&for_id=164906", waiting until "networkidle"[22m

164907,Error,,,page.goto: Download is starting
Call log:
[2m  - navigating to "https://www.halapp.com/a/wcb/document/?for_type=customer_invoice&for_id=164907", waiting until "networkidle"[22m

164908,Error,,,page.goto: Download is starting
Call log:
[2m  - navigating to "https://www.halapp.com/a/wcb/document/?for_type=customer_invoice&for_id=164908", waiting until "networkidle"[22m

164909,Error,,,page.goto: Download is starting
Call log:
[2m  - navigating to "https://www.halapp.com/a/wcb/document/?for_type=customer_invoice&for_id=164909", waiting until "networkidle"[22m

164910,Error,,,page.goto: Download is starting
Call log:
[2m  - navigating to "https://www.halapp.com/a/wcb/document/?for_type=customer_invoice&for_id=164910", waiting until "networkidle"[22m

164911,Error,,,page.goto: Download is starting
Call log:
[2m  - navigating to "https://www.halapp.com/a/wcb/document/?for_type=customer_invoice&for_id=164911", waiting until "networkidle"[22m

164912,Error,,,page.goto: Download is starting
Call log:
[2m  - navigating to "https://www.halapp.com/a/wcb/document/?for_type=customer_invoice&for_id=164912", waiting until "networkidle"[22m

164913,Error,,,page.goto: Download is starting
Call log:
[2m  - navigating to "https://www.halapp.com/a/wcb/document/?for_type=customer_invoice&for_id=164913", waiting until "networkidle"[22m

164914,Error,,,page.goto: Download is starting
Call log:
[2m  - navigating to "https://www.halapp.com/a/wcb/document/?for_type=customer_invoice&for_id=164914", waiting until "networkidle"[22m

164915,Error,,,page.goto: Download is starting
Call log:
[2m  - navigating to "https://www.halapp.com/a/wcb/document/?for_type=customer_invoice&for_id=164915", waiting until "networkidle"[22m

164916,Not Found,,,
164917,Error,,,page.goto: Download is starting
Call log:
[2m  - navigating to "https://www.halapp.com/a/wcb/document/?for_type=customer_invoice&for_id=164917", waiting until "networkidle"[22m

164918,Error,,,page.goto: Download is starting
Call log:
[2m  - navigating to "https://www.halapp.com/a/wcb/document/?for_type=customer_invoice&for_id=164918", waiting until "networkidle"[22m

164919,Error,,,page.goto: Download is starting
Call log:
[2m  - navigating to "https://www.halapp.com/a/wcb/document/?for_type=customer_invoice&for_id=164919", waiting until "networkidle"[22m

164920,Error,,,page.goto: Download is starting
Call log:
[2m  - navigating to "https://www.halapp.com/a/wcb/document/?for_type=customer_invoice&for_id=164920", waiting until "networkidle"[22m

164921,Error,,,page.goto: Download is starting
Call log:
[2m  - navigating to "https://www.halapp.com/a/wcb/document/?for_type=customer_invoice&for_id=164921", waiting until "networkidle"[22m

164922,Error,,,page.goto: Download is starting
Call log:
[2m  - navigating to "https://www.halapp.com/a/wcb/document/?for_type=customer_invoice&for_id=164922", waiting until "networkidle"[22m

164923,Error,,,page.goto: Download is starting
Call log:
[2m  - navigating to "https://www.halapp.com/a/wcb/document/?for_type=customer_invoice&for_id=164923", waiting until "networkidle"[22m

164924,Error,,,page.goto: Download is starting
Call log:
[2m  - navigating to "https://www.halapp.com/a/wcb/document/?for_type=customer_invoice&for_id=164924", waiting until "networkidle"[22m

164925,Error,,,page.goto: Download is starting
Call log:
[2m  - navigating to "https://www.halapp.com/a/wcb/document/?for_type=customer_invoice&for_id=164925", waiting until "networkidle"[22m

164926,Error,,,page.goto: Download is starting
Call log:
[2m  - navigating to "https://www.halapp.com/a/wcb/document/?for_type=customer_invoice&for_id=164926", waiting until "networkidle"[22m

164927,Error,,,page.goto: Download is starting
Call log:
[2m  - navigating to "https://www.halapp.com/a/wcb/document/?for_type=customer_invoice&for_id=164927", waiting until "networkidle"[22m

164928,Error,,,page.goto: Download is starting
Call log:
[2m  - navigating to "https://www.halapp.com/a/wcb/document/?for_type=customer_invoice&for_id=164928", waiting until "networkidle"[22m

164929,Error,,,page.goto: Download is starting
Call log:
[2m  - navigating to "https://www.halapp.com/a/wcb/document/?for_type=customer_invoice&for_id=164929", waiting until "networkidle"[22m

164930,Error,,,page.goto: Download is starting
Call log:
[2m  - navigating to "https://www.halapp.com/a/wcb/document/?for_type=customer_invoice&for_id=164930", waiting until "networkidle"[22m

164931,Error,,,page.goto: Download is starting
Call log:
[2m  - navigating to "https://www.halapp.com/a/wcb/document/?for_type=customer_invoice&for_id=164931", waiting until "networkidle"[22m

164932,Error,,,page.goto: Download is starting
Call log:
[2m  - navigating to "https://www.halapp.com/a/wcb/document/?for_type=customer_invoice&for_id=164932", waiting until "networkidle"[22m

164933,Error,,,page.goto: Download is starting
Call log:
[2m  - navigating to "https://www.halapp.com/a/wcb/document/?for_type=customer_invoice&for_id=164933", waiting until "networkidle"[22m

164934,Error,,,page.goto: Download is starting
Call log:
[2m  - navigating to "https://www.halapp.com/a/wcb/document/?for_type=customer_invoice&for_id=164934", waiting until "networkidle"[22m

164935,Error,,,page.goto: Download is starting
Call log:
[2m  - navigating to "https://www.halapp.com/a/wcb/document/?for_type=customer_invoice&for_id=164935", waiting until "networkidle"[22m

164936,Error,,,page.goto: Download is starting
Call log:
[2m  - navigating to "https://www.halapp.com/a/wcb/document/?for_type=customer_invoice&for_id=164936", waiting until "networkidle"[22m

164937,Error,,,page.goto: Download is starting
Call log:
[2m  - navigating to "https://www.halapp.com/a/wcb/document/?for_type=customer_invoice&for_id=164937", waiting until "networkidle"[22m

164938,Error,,,page.goto: Download is starting
Call log:
[2m  - navigating to "https://www.halapp.com/a/wcb/document/?for_type=customer_invoice&for_id=164938", waiting until "networkidle"[22m

164939,Error,,,page.goto: Download is starting
Call log:
[2m  - navigating to "https://www.halapp.com/a/wcb/document/?for_type=customer_invoice&for_id=164939", waiting until "networkidle"[22m

164940,Error,,,page.goto: Download is starting
Call log:
[2m  - navigating to "https://www.halapp.com/a/wcb/document/?for_type=customer_invoice&for_id=164940", waiting until "networkidle"[22m

164941,Error,,,page.goto: Download is starting
Call log:
[2m  - navigating to "https://www.halapp.com/a/wcb/document/?for_type=customer_invoice&for_id=164941", waiting until "networkidle"[22m

164942,Error,,,page.goto: Download is starting
Call log:
[2m  - navigating to "https://www.halapp.com/a/wcb/document/?for_type=customer_invoice&for_id=164942", waiting until "networkidle"[22m

164943,Error,,,page.goto: Download is starting
Call log:
[2m  - navigating to "https://www.halapp.com/a/wcb/document/?for_type=customer_invoice&for_id=164943", waiting until "networkidle"[22m

164944,Error,,,page.goto: Download is starting
Call log:
[2m  - navigating to "https://www.halapp.com/a/wcb/document/?for_type=customer_invoice&for_id=164944", waiting until "networkidle"[22m

164945,Error,,,page.goto: Download is starting
Call log:
[2m  - navigating to "https://www.halapp.com/a/wcb/document/?for_type=customer_invoice&for_id=164945", waiting until "networkidle"[22m

164946,Error,,,page.goto: Download is starting
Call log:
[2m  - navigating to "https://www.halapp.com/a/wcb/document/?for_type=customer_invoice&for_id=164946", waiting until "networkidle"[22m

164947,Error,,,page.goto: Download is starting
Call log:
[2m  - navigating to "https://www.halapp.com/a/wcb/document/?for_type=customer_invoice&for_id=164947", waiting until "networkidle"[22m

164948,Error,,,page.goto: Download is starting
Call log:
[2m  - navigating to "https://www.halapp.com/a/wcb/document/?for_type=customer_invoice&for_id=164948", waiting until "networkidle"[22m

164949,Error,,,page.goto: Download is starting
Call log:
[2m  - navigating to "https://www.halapp.com/a/wcb/document/?for_type=customer_invoice&for_id=164949", waiting until "networkidle"[22m

164950,Not Found,,,
164951,Error,,,page.goto: Download is starting
Call log:
[2m  - navigating to "https://www.halapp.com/a/wcb/document/?for_type=customer_invoice&for_id=164951", waiting until "networkidle"[22m

164952,Error,,,page.goto: Download is starting
Call log:
[2m  - navigating to "https://www.halapp.com/a/wcb/document/?for_type=customer_invoice&for_id=164952", waiting until "networkidle"[22m

164953,Error,,,page.goto: Download is starting
Call log:
[2m  - navigating to "https://www.halapp.com/a/wcb/document/?for_type=customer_invoice&for_id=164953", waiting until "networkidle"[22m

164954,Error,,,page.goto: Download is starting
Call log:
[2m  - navigating to "https://www.halapp.com/a/wcb/document/?for_type=customer_invoice&for_id=164954", waiting until "networkidle"[22m

164955,Error,,,page.goto: Download is starting
Call log:
[2m  - navigating to "https://www.halapp.com/a/wcb/document/?for_type=customer_invoice&for_id=164955", waiting until "networkidle"[22m

164956,Error,,,page.goto: Download is starting
Call log:
[2m  - navigating to "https://www.halapp.com/a/wcb/document/?for_type=customer_invoice&for_id=164956", waiting until "networkidle"[22m

164957,Error,,,page.goto: Download is starting
Call log:
[2m  - navigating to "https://www.halapp.com/a/wcb/document/?for_type=customer_invoice&for_id=164957", waiting until "networkidle"[22m

